Metric,Value
AI correct rate,0.9348015068096204
Classical correct rate,0.017386264850767892
AI vs Classical agreement rate,0.01999420457838308
