Condition,Detected Peaks,Estimated BPM,BPM Error vs Clean
Clean,13,41.68530696537697,0.0
Baseline Wander,13,41.68530696537697,0.0
Powerline,13,41.68530696537697,0.0
Gaussian,13,41.685394278668404,8.73132914378516e-05
Combined,13,41.685394278668404,8.73132914378516e-05
